<?xml version="1.0" encoding="UTF-8"?>
<project-private xmlns="http://www.netbeans.org/ns/project-private/1">
    <data xmlns="http://www.netbeans.org/ns/make-project-private/1">
        <activeConfTypeElem>1</activeConfTypeElem>
        <activeConfIndexElem>0</activeConfIndexElem>
    </data>
    <editor-bookmarks xmlns="http://www.netbeans.org/ns/editor-bookmarks/2" lastBookmarkId="0"/>
    <open-files xmlns="http://www.netbeans.org/ns/projectui-open-files/2">
        <group>
            <file>file:/C:/Users/Iván/Documents/Iván/Universidad/2024-2/ALG0ED/Laboratorios/02/Lab2-2024-2/20201216_LAB2_P1/funciones.cpp</file>
            <file>file:/C:/Users/Iván/Documents/Iván/Universidad/2024-2/ALG0ED/Laboratorios/02/Lab2-2024-2/20201216_LAB2_P1/funcionesLista.cpp</file>
            <file>file:/C:/Users/Iván/Documents/Iván/Universidad/2024-2/ALG0ED/Laboratorios/02/Lab2-2024-2/20201216_LAB2_P1/main.cpp</file>
            <file>file:/C:/Users/Iván/Documents/Iván/Universidad/2024-2/ALG0ED/Laboratorios/02/Lab2-2024-2/20201216_LAB2_P1/Efectivo.h</file>
            <file>file:/C:/Users/Iván/Documents/Iván/Universidad/2024-2/ALG0ED/Laboratorios/02/Lab2-2024-2/20201216_LAB2_P1/funcionesPila.h</file>
            <file>file:/C:/Users/Iván/Documents/Iván/Universidad/2024-2/ALG0ED/Laboratorios/02/Lab2-2024-2/20201216_LAB2_P1/funcionesLista.h</file>
            <file>file:/C:/Users/Iván/Documents/Iván/Universidad/2024-2/ALG0ED/Laboratorios/02/Lab2-2024-2/20201216_LAB2_P1/Nodo.h</file>
            <file>file:/C:/Users/Iván/Documents/Iván/Universidad/2024-2/ALG0ED/Laboratorios/02/Lab2-2024-2/20201216_LAB2_P1/funcionesPila.cpp</file>
            <file>file:/C:/Users/Iván/Documents/Iván/Universidad/2024-2/ALG0ED/Laboratorios/02/Lab2-2024-2/20201216_LAB2_P1/funciones.h</file>
        </group>
    </open-files>
</project-private>
